month,region,target_sales
2023-01,Bali & Nusa Tenggara,135900000.0
2023-01,Java,671300000.0
2023-01,Kalimantan,29000000.0
2023-01,Maluku & Papua,1200000.0
2023-01,Sulawesi,56900000.0
2023-01,Sumatra,299300000.0
2023-02,Bali & Nusa Tenggara,93400000.0
2023-02,Java,392600000.0
2023-02,Kalimantan,54300000.0
2023-02,Maluku & Papua,28800000.0
2023-02,Sulawesi,31400000.0
2023-02,Sumatra,235400000.0
2023-03,Bali & Nusa Tenggara,79100000.0
2023-03,Java,629700000.0
2023-03,Kalimantan,140500000.0
2023-03,Maluku & Papua,14300000.0
2023-03,Sulawesi,22500000.0
2023-03,Sumatra,253900000.0
2023-04,Bali & Nusa Tenggara,104000000.0
2023-04,Java,980900000.0
2023-04,Kalimantan,116700000.0
2023-04,Maluku & Papua,24900000.0
2023-04,Sulawesi,72400000.0
2023-04,Sumatra,226000000.0
2023-05,Bali & Nusa Tenggara,51100000.0
2023-05,Java,1096800000.0
2023-05,Kalimantan,111400000.0
2023-05,Maluku & Papua,15800000.0
2023-05,Sulawesi,85600000.0
2023-05,Sumatra,173300000.0
2023-06,Bali & Nusa Tenggara,40500000.0
2023-06,Java,1015600000.0
2023-06,Kalimantan,85000000.0
2023-06,Maluku & Papua,9200000.0
2023-06,Sulawesi,34900000.0
2023-06,Sumatra,189700000.0
2023-07,Bali & Nusa Tenggara,58100000.0
2023-07,Java,785300000.0
2023-07,Kalimantan,173200000.0
2023-07,Maluku & Papua,20500000.0
2023-07,Sulawesi,119500000.0
2023-07,Sumatra,362700000.0
2023-08,Bali & Nusa Tenggara,35900000.0
2023-08,Java,594600000.0
2023-08,Kalimantan,55400000.0
2023-08,Maluku & Papua,56300000.0
2023-08,Sulawesi,81200000.0
2023-08,Sumatra,281500000.0
2023-09,Bali & Nusa Tenggara,64700000.0
2023-09,Java,738000000.0
2023-09,Kalimantan,64000000.0
2023-09,Maluku & Papua,38400000.0
2023-09,Sulawesi,85100000.0
2023-09,Sumatra,242600000.0
2023-10,Bali & Nusa Tenggara,53600000.0
2023-10,Java,897900000.0
2023-10,Kalimantan,249200000.0
2023-10,Maluku & Papua,6300000.0
2023-10,Sulawesi,43900000.0
2023-10,Sumatra,330600000.0
2023-11,Bali & Nusa Tenggara,33900000.0
2023-11,Java,923000000.0
2023-11,Kalimantan,135300000.0
2023-11,Maluku & Papua,33700000.0
2023-11,Sulawesi,67100000.0
2023-11,Sumatra,441900000.0
2023-12,Bali & Nusa Tenggara,33500000.0
2023-12,Java,1104900000.0
2023-12,Kalimantan,174900000.0
2023-12,Maluku & Papua,1100000.0
2023-12,Sulawesi,134000000.0
2023-12,Sumatra,222800000.0
2024-01,Bali & Nusa Tenggara,172900000.0
2024-01,Java,862000000.0
2024-01,Kalimantan,34300000.0
2024-01,Maluku & Papua,1300000.0
2024-01,Sulawesi,71300000.0
2024-01,Sumatra,384300000.0
2024-02,Bali & Nusa Tenggara,118700000.0
2024-02,Java,441500000.0
2024-02,Kalimantan,61700000.0
2024-02,Maluku & Papua,33100000.0
2024-02,Sulawesi,41400000.0
2024-02,Sumatra,285900000.0
2024-03,Bali & Nusa Tenggara,90800000.0
2024-03,Java,790000000.0
2024-03,Kalimantan,166600000.0
2024-03,Maluku & Papua,16000000.0
2024-03,Sulawesi,25500000.0
2024-03,Sumatra,320800000.0
2024-04,Bali & Nusa Tenggara,126600000.0
2024-04,Java,1219800000.0
2024-04,Kalimantan,133000000.0
2024-04,Maluku & Papua,27700000.0
2024-04,Sulawesi,80400000.0
2024-04,Sumatra,264900000.0
2024-05,Bali & Nusa Tenggara,64900000.0
2024-05,Java,1184700000.0
2024-05,Kalimantan,146900000.0
2024-05,Maluku & Papua,19000000.0
2024-05,Sulawesi,100000000.0
2024-05,Sumatra,205900000.0
2024-06,Bali & Nusa Tenggara,47400000.0
2024-06,Java,1151300000.0
2024-06,Kalimantan,95900000.0
2024-06,Maluku & Papua,12000000.0
2024-06,Sulawesi,45200000.0
2024-06,Sumatra,232500000.0
2024-07,Bali & Nusa Tenggara,73800000.0
2024-07,Java,968500000.0
2024-07,Kalimantan,196000000.0
2024-07,Maluku & Papua,24200000.0
2024-07,Sulawesi,145700000.0
2024-07,Sumatra,436400000.0
2024-08,Bali & Nusa Tenggara,39900000.0
2024-08,Java,701700000.0
2024-08,Kalimantan,69500000.0
2024-08,Maluku & Papua,69000000.0
2024-08,Sulawesi,90600000.0
2024-08,Sumatra,339300000.0
2024-09,Bali & Nusa Tenggara,83800000.0
2024-09,Java,853300000.0
2024-09,Kalimantan,78600000.0
2024-09,Maluku & Papua,48600000.0
2024-09,Sulawesi,96100000.0
2024-09,Sumatra,295500000.0
2024-10,Bali & Nusa Tenggara,65300000.0
2024-10,Java,998100000.0
2024-10,Kalimantan,328100000.0
2024-10,Maluku & Papua,7300000.0
2024-10,Sulawesi,59300000.0
2024-10,Sumatra,390200000.0
2024-11,Bali & Nusa Tenggara,40200000.0
2024-11,Java,1047300000.0
2024-11,Kalimantan,164000000.0
2024-11,Maluku & Papua,42800000.0
2024-11,Sulawesi,75700000.0
2024-11,Sumatra,552600000.0
2024-12,Bali & Nusa Tenggara,42400000.0
2024-12,Java,1285400000.0
2024-12,Kalimantan,208200000.0
2024-12,Maluku & Papua,1400000.0
2024-12,Sulawesi,162800000.0
2024-12,Sumatra,250000000.0
2025-01,Bali & Nusa Tenggara,119400000.0
2025-01,Java,1300100000.0
2025-01,Kalimantan,75400000.0
2025-01,Maluku & Papua,24900000.0
2025-01,Sulawesi,197700000.0
2025-01,Sumatra,340400000.0
2025-02,Bali & Nusa Tenggara,147000000.0
2025-02,Java,1282300000.0
2025-02,Kalimantan,160600000.0
2025-02,Maluku & Papua,64000000.0
2025-02,Sulawesi,200800000.0
2025-02,Sumatra,392300000.0
2025-03,Bali & Nusa Tenggara,283500000.0
2025-03,Java,1836200000.0
2025-03,Kalimantan,301300000.0
2025-03,Maluku & Papua,71400000.0
2025-03,Sulawesi,191700000.0
2025-03,Sumatra,374300000.0
2025-04,Bali & Nusa Tenggara,122500000.0
2025-04,Java,1110900000.0
2025-04,Kalimantan,261300000.0
2025-04,Maluku & Papua,49100000.0
2025-04,Sulawesi,138900000.0
2025-04,Sumatra,388800000.0
2025-05,Bali & Nusa Tenggara,170400000.0
2025-05,Java,1444700000.0
2025-05,Kalimantan,183100000.0
2025-05,Maluku & Papua,25700000.0
2025-05,Sulawesi,199200000.0
2025-05,Sumatra,380000000.0
2025-06,Bali & Nusa Tenggara,239800000.0
2025-06,Java,1092000000.0
2025-06,Kalimantan,136300000.0
2025-06,Maluku & Papua,44500000.0
2025-06,Sulawesi,212300000.0
2025-06,Sumatra,668200000.0
2025-07,Bali & Nusa Tenggara,19000000.0
2025-07,Java,1040200000.0
2025-07,Kalimantan,107800000.0
2025-07,Maluku & Papua,21700000.0
2025-07,Sulawesi,198100000.0
2025-07,Sumatra,427200000.0
2025-08,Bali & Nusa Tenggara,54800000.0
2025-08,Java,1486100000.0
2025-08,Kalimantan,257600000.0
2025-08,Maluku & Papua,58900000.0
2025-08,Sulawesi,186400000.0
2025-08,Sumatra,553100000.0
2025-09,Bali & Nusa Tenggara,163800000.0
2025-09,Java,1507400000.0
2025-09,Kalimantan,138700000.0
2025-09,Maluku & Papua,193900000.0
2025-09,Sulawesi,185100000.0
2025-09,Sumatra,477100000.0
2025-10,Bali & Nusa Tenggara,105000000.0
2025-10,Java,1278700000.0
2025-10,Kalimantan,111100000.0
2025-10,Maluku & Papua,19100000.0
2025-10,Sulawesi,144500000.0
2025-10,Sumatra,463000000.0
2025-11,Bali & Nusa Tenggara,164400000.0
2025-11,Java,1404600000.0
2025-11,Kalimantan,154300000.0
2025-11,Maluku & Papua,45600000.0
2025-11,Sulawesi,130500000.0
2025-11,Sumatra,352200000.0
2025-12,Bali & Nusa Tenggara,231600000.0
2025-12,Java,1661000000.0
2025-12,Kalimantan,243500000.0
2025-12,Maluku & Papua,21700000.0
2025-12,Sulawesi,165500000.0
2025-12,Sumatra,404800000.0
